{
  "gate_rates": {
    "ok_schema": 1.0,
    "ok_dev3": 1.0,
    "ok_grade_age": 1.0,
    "ok_subjects": 1.0,
    "ok_agentname": 0.20833333333333334,
    "ok_academic_level": 1.0,
    "ok_style_values": 1.0,
    "ok_style_social": 1.0,
    "ok_style_creativity": 1.0,
    "ok_style_psych": 1.0,
    "ok_sensitive": 1.0,
    "ok_values_7dims": 1.0,
    "ok_crea_8dims_radar": 0.9166666666666666,
    "ok_psy_coverage": 0.4895833333333333
  },
  "failures": {
    "ok_agentname": [
      1,
      2,
      3,
      4,
      6,
      7,
      8,
      9
    ],
    "ok_crea_8dims_radar": [
      5,
      11,
      16,
      30,
      57,
      75,
      83,
      84
    ],
    "ok_psy_coverage": [
      1,
      4,
      7,
      8,
      11,
      14,
      15,
      16
    ]
  },
  "diversity": {
    "near_duplicate_rate": 0.0,
    "clusters": [
      [
        0
      ],
      [
        1
      ],
      [
        2
      ],
      [
        3
      ],
      [
        4
      ],
      [
        5
      ],
      [
        6
      ],
      [
        7
      ],
      [
        8
      ],
      [
        9
      ],
      [
        10
      ],
      [
        11
      ],
      [
        12
      ],
      [
        13
      ],
      [
        14
      ],
      [
        15
      ],
      [
        16
      ],
      [
        17
      ],
      [
        18
      ],
      [
        19
      ],
      [
        20
      ],
      [
        21
      ],
      [
        22
      ],
      [
        23
      ],
      [
        24
      ],
      [
        25
      ],
      [
        26
      ],
      [
        27
      ],
      [
        28
      ],
      [
        29
      ],
      [
        30
      ],
      [
        31
      ],
      [
        32
      ],
      [
        33
      ],
      [
        34
      ],
      [
        35
      ],
      [
        36
      ],
      [
        37
      ],
      [
        38
      ],
      [
        39
      ],
      [
        40
      ],
      [
        41
      ],
      [
        42
      ],
      [
        43
      ],
      [
        44
      ],
      [
        45
      ],
      [
        46
      ],
      [
        47
      ],
      [
        48
      ],
      [
        49
      ],
      [
        50
      ],
      [
        51
      ],
      [
        52
      ],
      [
        53
      ],
      [
        54
      ],
      [
        55
      ],
      [
        56
      ],
      [
        57
      ],
      [
        58
      ],
      [
        59
      ],
      [
        60
      ],
      [
        61
      ],
      [
        62
      ],
      [
        63
      ],
      [
        64
      ],
      [
        65
      ],
      [
        66
      ],
      [
        67
      ],
      [
        68
      ],
      [
        69
      ],
      [
        70
      ],
      [
        71
      ],
      [
        72
      ],
      [
        73
      ],
      [
        74
      ],
      [
        75
      ],
      [
        76
      ],
      [
        77
      ],
      [
        78
      ],
      [
        79
      ],
      [
        80
      ],
      [
        81
      ],
      [
        82
      ],
      [
        83
      ],
      [
        84
      ],
      [
        85
      ],
      [
        86
      ],
      [
        87
      ],
      [
        88
      ],
      [
        89
      ],
      [
        90
      ],
      [
        91
      ],
      [
        92
      ],
      [
        93
      ],
      [
        94
      ],
      [
        95
      ]
    ],
    "max_cluster": 1
  },
  "subject_combos": {
    "unique_combos": 60,
    "top10_share": 0.4687499999999999,
    "top10": [
      {
        "combo_best": [
          "信息技术",
          "数学",
          "物理"
        ],
        "combo_weak": [
          "历史",
          "美术",
          "英语"
        ],
        "count": 23,
        "ratio": 0.23958333333333334
      },
      {
        "combo_best": [
          "生物",
          "美术",
          "英语"
        ],
        "combo_weak": [
          "历史",
          "数学",
          "物理"
        ],
        "count": 4,
        "ratio": 0.041666666666666664
      },
      {
        "combo_best": [
          "历史",
          "生物",
          "语文"
        ],
        "combo_weak": [
          "数学",
          "物理",
          "英语"
        ],
        "count": 3,
        "ratio": 0.03125
      },
      {
        "combo_best": [
          "信息技术",
          "数学",
          "物理"
        ],
        "combo_weak": [
          "历史",
          "英语"
        ],
        "count": 3,
        "ratio": 0.03125
      },
      {
        "combo_best": [
          "生物",
          "美术",
          "语文"
        ],
        "combo_weak": [
          "信息技术",
          "数学",
          "物理"
        ],
        "count": 2,
        "ratio": 0.020833333333333332
      },
      {
        "combo_best": [
          "信息技术",
          "数学",
          "物理"
        ],
        "combo_weak": [
          "历史",
          "地理",
          "英语"
        ],
        "count": 2,
        "ratio": 0.020833333333333332
      },
      {
        "combo_best": [
          "历史",
          "生物",
          "英语"
        ],
        "combo_weak": [
          "信息技术",
          "数学",
          "物理"
        ],
        "count": 2,
        "ratio": 0.020833333333333332
      },
      {
        "combo_best": [
          "历史",
          "生物",
          "语文"
        ],
        "combo_weak": [
          "信息技术",
          "数学",
          "物理"
        ],
        "count": 2,
        "ratio": 0.020833333333333332
      },
      {
        "combo_best": [
          "历史",
          "政治",
          "英语",
          "语文"
        ],
        "combo_weak": [
          "信息技术",
          "化学",
          "数学",
          "物理"
        ],
        "count": 2,
        "ratio": 0.020833333333333332
      },
      {
        "combo_best": [
          "生物",
          "美术",
          "英语"
        ],
        "combo_weak": [
          "数学",
          "物理"
        ],
        "count": 2,
        "ratio": 0.020833333333333332
      }
    ]
  },
  "personas": {
    "count": 96,
    "grade_dist": {
      "初二": 0.3229166666666667,
      "初一": 0.125,
      "高一": 0.34375,
      "高二": 0.03125,
      "四年级": 0.020833333333333332,
      "三年级": 0.010416666666666666,
      "六年级": 0.125,
      "五年级": 0.020833333333333332
    },
    "gender_dist": {
      "女": 0.53125,
      "男": 0.46875
    },
    "academic_dist": {
      "中：成绩全校排名前10%至30%": 0.96875,
      "高：成绩全校排名前10%": 0.03125
    }
  },
  "fairness": {
    "avg_coh_values_psy": 0.08653846153846154,
    "avg_crea_std": 0.6003055148680061,
    "性别": {
      "crea_std_mean": {
        "女": 0.6299661989273168,
        "男": 0.5666900729341204
      },
      "distinct3_values_mean": {
        "女": 0.9872305649160019,
        "男": 0.9880266034084687
      }
    },
    "年级": {
      "crea_std_mean": {
        "三年级": 0.4841229182759271,
        "五年级": 1.0573724647247829,
        "六年级": 0.6243962060163608,
        "初一": 0.597330482502169,
        "初二": 0.5508778993949851,
        "四年级": 0.7423074889580902,
        "高一": 0.6124632328855187,
        "高二": 0.5322082576659656
      },
      "distinct3_values_mean": {
        "三年级": 0.9638242894056848,
        "五年级": 0.991457886089157,
        "六年级": 0.9872872512077037,
        "初一": 0.9881666297267692,
        "初二": 0.98691833472905,
        "四年级": 0.9972677595628415,
        "高一": 0.9879425984362329,
        "高二": 0.988886562392535
      }
    }
  }
}